Discription,Unit of Measure, Unit Price (USD) 
"Dewatering:
a) Special Dewatering System (Well points dewatering system using manifold and storage water tank).",LS,5690.88
b) Medium type pumps dewatering system (using well points dewatering system without storage water tank).,LS,3144.96
c) Normal type dewatering system using normal pumps. (Minimum 2 Pumps).,LS,1497.6
d) Shallow dewatering system using 1 Pump.,LS,898.56
Shelters extra Steel Beams: Zain will pay for weight beyond 1.2 Ton which is considered as standard,Ton,3444.48
Penetrating Tower Framing: Zain will pay for weight beyond 0.7 Ton which is considered as standard.,Ton,3444.48
Sites where the Penetrating Tower & Shelter is resting on single framing: Zain will pay for weight beyond 1.9 (1.2+0.7) Ton which is considered as standard.,Ton,3444.48
Delta between Model excavation cost and rock excavation (using machinery). Actual measurements apply.,m3,13.48
Additional payment for S&I of PVC coated fence in coastal areas including 3m gate,m,40.44
"Additional payment for submerged foundation Concrete including using Epoxy coated
steel reinforcement. This is additional cost to the foundation in normal site. Quality",m3,329.47
Supply and installation of  sun shade as per approved type in both (RT & GF) site including all preparation for foundation,LS,4074.67
"Supply and installation of  cable tray (100 mm width) with all required accessories,",m1,53.91
"Supply and installation of  cable tray (200 mm width) with all required accessories,",m1,62.9
Supply and installation of  cable tray (300 mm width) with all required accessories,m1,67.39
Supply and installation of  cable tray (400 mm width) with all required accessories,m1,82.37
Supply and installation of  cable tray (600 mm width) with all required accessories,m1,97.34
Back filling with sub base and compaction on layers each 30 cm ,M³,13.48
"Extra access road for Normal soil, Rock soil ,Cutting Back filling and Filling Material with depth 30cm (width 3M)  ,as per Zain specs.",Mt,121.31
Soil Replacement with sub base and compaction on layers each 30 cm,M³,17.97
Extra cutting in rock & Leveling,M³,17.97
"Supply of labor, material & consumable and construct slope protection as per enclosed drawings including excavation, formwork, reinforcement, curing, protective coating 10cm Thickness, back filling etc. and complete in all respect.",M2,53.91
Supply and casting and finishing with Epoxy reinforcement concrete above ground for (Generators or fuel tank or outdoor unit as per Zain spec's).,M3,329.47
Supply and Installation Stone Rip-Rap Slope protection,M2,89.86
External ladder for accessing RT sites 1m length,Mt,179.71
Supply and install Zain new chain Link fencing with gate as per zain spec,Mt,160
Supply and install 3m vehicle gate as per zain spec,Each,1647.36
supply and installation extension for feeder ladder (angel (50*50*5)mm with length 500mm).,per piece,89.86
Supply and install Single Wall Mount 6.00M ,Each,1467.65
Supply and install Dual Wall Mount 6.00M,Each,1722.24
Supply and install Single Wall Mount 4.5M,Each,1108.22
Supply and install Dual Wall Mount 4.5M,Each,1422.72
Supply and install Single Wall Mount 3.00M,Each,748.8
Supply and install Dual Wall Mount 3.00M,Each,973.44
"Supply and install Single Wall Mount Pole with full accessories 1m length 4"" diameter",Each,718.85
"Supply and install Single Wall Mount Pole with full accessories 2m length 4"" diameter",Each,1123.2
"Supply and install Single Wall Mount Pole with full accessories 9m length 5"" diameter",Each,2471.04
Tower Strenghtening,kg,5.12
Supply and Installation of Pylon Site 12m for Hajj Area,each,60825.6
"Supply and installation of 3x3m, 12m monopole Tent Site, one meter pedestrian gate, foundation for pole, foundation for equipment, decorative fence, camouflage tent, grounding system, power cable, site prepration, Main distribution board, cable tray without generator.",each,53621.57
"S&I 4x35 Sqmm XPLE 600/1000V Steel tape Armored AC Power
Cables including excavation and backfilling (approved type are Riyadh & Jeddah) as per ZAIN specs",M,32.95
"S&I 4x50 Sqmm XPLE 600/1000V Steel tape Armored AC Power
Cables including excavation and backfilling (approved type are Riyadh & Jeddah) as per ZAIN specs",M,41.93
"S&I 4x70 Sqmm XPLE 600/1000V Steel tape Armored AC Power
Cables including excavation and backfilling (approved type are Riyadh & Jeddah) as per ZAIN specs",M,58.41
"S&I 4x95 Sqmm XPLE 600/1000V Steel tape Armored AC Power
Cables including excavation and backfilling (approved type are Riyadh & Jeddah) as per ZAIN specs",M,74.88
"S&I 4x120 Sqmm XPLE 600/1000V Steel tape Armored Riyadh, Jedha AC Power
Cables including piping excavation and backfilling as per ZAIN specs",M,89.86
"S&I 4x150 Sqmm XPLE 600/1000V Steel tape Armored Riyadh, Jedha AC Power
Cables including  excavation and backfilling as per ZAIN specs",M,104.83
"S&I 4x185 Sqmm XPLE 600/1000V Steel wire Armored Riyadh, Jedha AC Power
Cables including  excavation and backfilling as per ZAIN specs",M,128.79
"S&I 4x240 Sqmm XPLE 600/1000V Steel wire Armored Riyadh, Jedha AC Power
Cables including  excavation and backfilling as per ZAIN specs",M,164.74
Single Genset Foundation concrete followed by ATS Foundation as per Zain Specs,each,1153.15
Dual Genset Concrete Foundation followed by ATS Foundation as per Zain Specs,each,2096.64
5000L Fuel Tank Concrete Foundation as per Zain Specs,each,1293.93
Temporary Genset rental for 2 months,,6324.61
Extra Sceco Wall,each,374.4
S&I MCCB 100 Amp inside IP65 Enclosure as per Zain Specs.,each,293.22
"S&I of ACMDB (200AMCCB, 100AMCCB & 100AMCCB) with all accessories and steel
stand.",each,2096.64
"S&I of 30KVA-220-380V/127-220V-60Hz Step Down Transformer with all
accessories and foundation as per Zain Specs.",each,2096.64
"S&I of 60KVA-220-380V/127-220V-60Hz Step Down Transformer with all
accessories and foundation as per Zain Specs.",each,2695.68
"Trenches including sand, cover plates and warning tape and all standard requirements
in Asphalt Area",M,26.96
Sites Analysis and design recommendation to check the tower strengthen possibilities ,each,4717.95
Tower strengthen services including materials up to 1/4 ton,each,6897.44
Tower strengthen services including materials up to 1/2 ton,each,10153.85
Tower strengthen services including materials up to 1     ton,each,18666.76
New Rectifier cabinet installation ,each,13393.71
Re-arrangement of the telecom equipment’s to provide  space for new equipment’s ,each,4278.2
"Supply of 2.5 X 2.3m shelter including testing, commissioning and PAT and installation of the shelter on 6 Reinforcement concrete pedestals (40*40*25)cm including construction of these pedestalsat, for rooftop sitesvas per ZAIN specs.",each,23961.6
"Supply of 2.5 X 2.3m shelter including testing, commissioning and PAT and installation of the shelter on structural steel beams up to 1.2 ton as per ZAIN specs.",each,26956.8
"Supply of 3.2 X 2.7m shelter including testing, commissioning and PAT and installation of the shelter on 6 Reinforcement concrete pedestals (40*40*25)cm including construction of these pedestalsat, for rooftop sites as per ZAIN specs.",each,26240
"Supply of 3.2 X 2.7m shelter including testing, commissioning and PAT and installation of the shelter on structural steel beams up to 1.2 ton as per ZAIN specs.",each,28800
"Supply of 2.5 X 2.3m shelter including testing, commissioning and PAT and installation of the shelter on raft concrete foundation (3.6*3*0.25) m including construction the foundation as per ZAIN specs.",each,27200
"Supply of 3.2 X 2.7m shelter including testing, commissioning and PAT and installation of the shelter on raft concrete foundation (4.5*3.4*0.25) m including construction the foundation as per ZAIN specs.",each,28638.01
Outdoor cable tray with cover supply & Installation (300mm width) in rooftop site ,Meter,160.43
 ,each,289.07
"Cable tray system. Supply and install galvanized cable tray or ladder rack, including supports, brackets, drop rod hangers, bends, tees, etc. 12"" wide (150mm) (Indoor)",Meter,97.6
RF Antenna mounting supply and installation with bracket and all accesseriores (4m),each,449.28
Rooftop Sites. Crane Lift. For lifting rooftop antenna mounts and equipment containers. Assumes free access. In other than the 5 major centres. Lift height to 6m (up to 20 ton),each,1281.01
Supply and Installation of 10 Amp DC Circuit breaker,each,41.56
"Insulated copper earth wire; soft drawn, stranded. Supply and install, PVC insulated copper conductor. 16 mm²",Meter,4.19
Cadweld connection. Wire to wire T and X connection,each,16.55
Supply &  Installation of one minishelter Foundation As per Approved Zain KSA Design ,each,336
Supply &  Installation of one Powercube Foundation As per Approved Zain KSA Design ,each,1152
Install RRU Indoor Wall Mounted Power TP4860H for RRU Wall Mounted Power TP4860H， including 40Ah battery,Set,748.8
"Install Indoor Rectifier TP48400B-L20A1, 200A 48V output and support maximum expansion 400A 48V output, including 2 string 150Ah batteries NorthStar NSB 155FT Red.",Set,1600
"Install Rechargeable Battery,VRLA battery(Front Terminal),48V,150Ah,battery group(12V Monobloc),4*(560*125*283)mm,(NorthStar NSB 155FT Red) ",Set,852.48
"Excavation to any depth and backfill, in soil",cu.m.,16.47
"Excavation to any depth and backfill, in rock",cu.m.,35.94
"Compacted backfill material, sand or native, marl, similar materials",cu.m.,17.11
"Compacted fill, coarse aggregate",cu.m.,21.56
"Compacted fill, hard-core",cu.m.,28.75
"Excavation and backfill of cable trenches with specified material. Depth up to 0.8 m, in soil",lin.m.,18.25
"Excavation and backfill of cable trenches with specified material. Depth up to 0.8 m, in rock",lin.m.,35.28
"Excavation and backfill of trenches with approved material for water & Sewer Pipes. Depth up to 1.0 m, in soil",lin.m.,21.09
"Excavation and backfill of trenches with approved material for water & Sewer Pipes. Depth up to 1.0 m, in rock.",lin.m.,35.28
"Excavation and backfill of trenches with approved material for water & Sewer Pipes. Depth up to 1.0 - 1.5 m, in soil",lin.m.,25.14
"Excavation and backfill of trenches with approved material for water & Sewer Pipes. Depth up to 1.0 - 1.5 m, in rock",lin.m.,56.91
"Excavation and backfill of trenches with approved material for water & Sewer Pipes. Depth up to 1.5 - 2.0, in soil",lin.m.,28.39
"Excavation and backfill of trenches with approved material for water & Sewer Pipes. Depth up to 1.5 - 2.0 m, in rock",lin.m.,70.96
"Excavation and backfill of trenches with approved material for water & Sewer Pipes. Depth up to 2.0 - 2.5 m, in soil",lin.m.,32.03
"Excavation and backfill of trenches with approved material for water & Sewer Pipes. Depth up to 2.0 - 2.5 m, in rock",lin.m.,70.96
"Excavation and backfill of trenches with approved material for water & Sewer Pipes. Depth up to 2.5 - 3.0 m, in soil",lin.m.,35.28
"Excavation and backfill of trenches with approved material for water & Sewer Pipes. Depth up to 2.5 - 3.0 m, in rock",lin.m.,70.96
"Leveling the site around the structure to the required levels and creating slopes. This includes excavation, backfilling, cutting, grading etc. Depth 2 m, in soil",lin.m.,35.94
"Leveling the site around the structure to the required levels and creating slopes. This includes excavation, backfilling, cutting, grading etc. Depth 2 m, in rock",lin.m.,72.9
"Leveling the site around the structure to the required levels and creating slopes. This includes excavation, backfilling, cutting, grading etc. Depth 3 m, in soil",lin.m.,72.9
"Leveling the site around the structure to the required levels and creating slopes. This includes excavation, backfilling, cutting, grading etc. Depth 3 m, in rock",lin.m.,70.63
"Leveling the site around the structure to the required levels and creating slopes. This includes excavation, backfilling, cutting, grading etc. Depth 4 m, in soil",lin.m.,70.63
"Leveling the site around the structure to the required levels and creating slopes. This includes excavation, backfilling, cutting, grading etc. Depth 4 m, in rock",lin.m.,94.62
"Leveling the site around the structure to the required levels and creating slopes. This includes excavation, backfilling, cutting, grading etc. Depth 5 m, in soil",lin.m.,94.62
"Leveling the site around the structure to the required levels and creating slopes. This includes excavation, backfilling, cutting, grading etc. Depth 5 m, in rock",lin.m.,141.52
"Rock anchor - 20 mm diameter x 700 mm long, resin bonded plate welded on. Supply and installation, including drilling, anchor & resin grout",each,141.52
"Excavation to any depth and backfill , in rock for tower foundation only in addition to the tower foundation items (just to conpensate the difference between soil and rock excavation for tower foundation) ",m3,14.19
"Reinforced Concrete including formwork, reinforcement, and finishing in all types of structures (cast in situ). Quality 25 N/mm²",cu.m.,359.42
"Reinforced Concrete including formwork, reinforcement, and finishing in all types of structures (cast in situ). Quality 30 N/mm²",cu.m.,389.38
"Concrete including formwork, and finishing in all types of structures (cast in situ), exclusive of reinforcement. Quality 25 N/mm²",cu.m.,311.5
"Concrete including formwork, and finishing in all types of structures (cast in situ), exclusive of reinforcement. Quality 30 N/mm²",cu.m.,359.42
"Concrete including formwork, and finishing in all types of structures (cast in situ), exclusive of reinforcement. Quality 35 N/mm²",cu.m.,380.39
"Formwork for non-exposed surfaces, incl. striking",sq.m.,17.37
"Formwork for exposed surfaces, incl. striking",sq.m.,19.47
Reinforcement,kg.,1.31
Epoxy Coated Rebar, kg.,2.03
Finished concrete ground slabs including reinforcing steel. 12 cm thickness 4000psi,sq.m.,50.92
Finished concrete ground slabs including reinforcing steel. 15 cm thickness 4000psi,sq.m.,50.92
Finished concrete ground slabs including reinforcing steel. 250 cm thickness,sq.m.,76.38
"Lean concrete underneath foundation, waterproof membrane etc. 5 cm thickness",sq.m.,6.89
"Precast / prestressed concrete for solid and ribbed slabs,   beams (rectangular T beams, double T beams, etc), panels etc. This includes supply labour, installation, necessory accessories.",lin.m.,233.63
Precast concrete panels for exterior walls (thickness) 200mm,sq.m.,95.85
Precast concrete panels for interior walls (thickness) 100mm,sq.m.,76.08
Precast concrete panels for slabs (thickness) 100mm,sq.m.,77.28
"Foundation Work Including Excavation, Backfilling, Blinding Concrete Reinforcement. Strip Raft & Wall Foundation for Shelter 3.0x3.0",each,1550.35
"Foundation Work Including Excavation, Backfilling, Blinding Concrete Reinforcement. Dual Generator Slab Foundation",each,9285.12
"Foundation Work Including Excavation, Backfilling, Blinding Concrete Reinforcement. Dual Generator Strip raft Foundation",each,2995.2
"Foundation Work Including Excavation, Backfilling, Blinding Concrete Reinforcement. For outdoor cabinet in villages",each,1048.32
"Rooftop Sites. Erection of Steelwork. Incl. mast steel, bolts with nuts and washers, initial quantity of antenna mounts for initial load  5 - 10 m mast",ton,1003.76
"Supply only of structural steelwork, materials, fabrication, anchor bolts, welding,etc, for complete structures. Type: galvanised, quality including Rooftop Building Sites (Sq.bases, tripods, wall mounts, etc)",ton,3659.67
"Supply and erection Structural steelwork, materials, fabrication, anchor bolts, welding, erection etc, for complete structures. Type: painted, quality including Rooftop Building Sites (Sq.bases, tripods, wall mounts, etc",ton,4942.08
"Angle irons, by size 2""x 2""x½""",lin.m.,11.73
"Fixings. Supply and install, including drilling or fixing to reinforcement. Anchor bolts, ¾""",lin.m.,45.6
"Fixings. Supply and install, including drilling or fixing to reinforcement. Anchor bolts, 16 mm diameter",lin.m.,45.6
"Fixings. Supply and install, including drilling or fixing to reinforcement. Anchor bolts, 10 mm diameter",lin.m.,35.28
"Aluminum counter flashing include fixing. Supply & install, including anchors and joint sealant. All girths",sq.m.,26.06
"Aluminum sundries include fixing. Supply and install, including anchor. Capping: any girth",sq.m.,26.06
"Aluminum sundries include fixing. Supply and install, including anchor. Aluminum angle frame: 50 x 50 x 6 mm",lin.m.,10.48
Metal Grating,sq.m.,105.13
Handrail,lin.m.,183.61
"Chain link fence, 2.0 m & with 2 rows of the barbed wires  high above ground level, complete with foundations and corner posts",lin.m.,97.54
Double Vehicle Gate 2.5m,each,3336.9
Gate with 2m wide x 2m  height,Each,611.94
Gate with 4m wide x 2m  height,Each,1781.39
Mechanical connections to rods,each,47.17
Cad Weld connections,each,12.13
Grounding Test,each,495.47
"Flexible Electrical Conduit. Supply and install flexible conduit, termination glands, other fittings as necessary, ¾"" (19 mm)",lin.m.,7.28
"Flexible Electrical Conduit. Supply and install flexible conduit, termination glands, other fittings as necessary, 1"" (25 mm)",lin.m.,12.13
"Flexible Electrical Conduit. Supply and install flexible conduit, termination glands, other fittings as necessary, 1½"" (38 mm)",lin.m.,18.87
"Flexible Electrical Conduit. Supply and install flexible conduit, termination glands, other fittings as necessary, 2"" (50 mm)",lin.m.,23.45
"Flexible Electrical Conduit. Supply and install flexible conduit, termination glands, other fittings as necessary, 3"" (75 mm)",lin.m.,23.45
"Flexible Electrical Conduit. Supply and install flexible conduit, termination glands, other fittings as necessary, 4"" (100 mm)",lin.m.,47.17
"Electrical Conduit-rigid steel, galvanized with clamps. Supply and install RGS conduits, with conduit boxes, bends tees, reducers, supports, etc. as necessary, ¾"" (19 mm)",lin.m.,9.43
"Electrical Conduit-rigid steel, galvanized with clamps. Supply and install RGS conduits, with conduit boxes, bends tees, reducers, supports, etc. as necessary, 1"" (25 mm)",lin.m.,12.13
"Electrical Conduit-rigid steel, galvanized with clamps. Supply and install RGS conduits, with conduit boxes, bends tees, reducers, supports, etc. as necessary, 1½"" (38 mm)",lin.m.,18.87
"Electrical Conduit-rigid steel, galvanized with clamps. Supply and install RGS conduits, with conduit boxes, bends tees, reducers, supports, etc. as necessary, 2"" (50 mm)",lin.m.,23.45
"Electrical Conduit-rigid steel, galvanized with clamps. Supply and install RGS conduits, with conduit boxes, bends tees, reducers, supports, etc. as necessary, 2½"" (63 mm)",lin.m.,47.17
"Electrical Conduit-rigid steel, galvanized with clamps. Supply and install RGS conduits, with conduit boxes, bends tees, reducers, supports, etc. as necessary, 3"" (75 mm)",lin.m.,47.17
"Electrical Conduit-rigid steel, galvanized with clamps. Supply and install RGS conduits, with conduit boxes, bends tees, reducers, supports, etc. as necessary, 4"" (100 mm)",lin.m.,47.17
"Electrical Conduit-rigid steel, galvanized with clamps. Supply and install RGS conduits, with conduit boxes, bends tees, reducers, supports, etc. as necessary, 5"" (125 mm)",lin.m.,70.63
"Electrical Conduit-rigid steel, galvanized with clamps. Supply and install RGS conduits, with conduit boxes, bends tees, reducers, supports, etc. as necessary, 6"" (150 mm)",lin.m.,94.62
"Electrical Conduit EMT/IMT. Conduit EMT/IMT with fixing  accessories and installation, ¾"" (19 mm)",lin.m.,9.43
"Electrical Conduit EMT/IMT. Conduit EMT/IMT with fixing  accessories and installation, 1"" (25 mm)",lin.m.,14.02
"Electrical Conduit EMT/IMT. Conduit EMT/IMT with fixing  accessories and installation, 1½"" (38 mm)",lin.m.,23.45
"Electrical Conduit EMT/IMT. Conduit EMT/IMT with fixing  accessories and installation, 2"" (50 mm)",lin.m.,23.45
"Electrical Conduit - PVC with fixing accessories. Supply and install PVC conduits, conduit boxes, bends, tees, reducers, joints, supports, brackets, other fittings as necessary, 25 mm",lin.m.,7.28
"Electrical Conduit - PVC with fixing accessories. Supply and install PVC conduits, conduit boxes, bends, tees, reducers, joints, supports, brackets, other fittings as necessary, 38 mm",lin.m.,12.13
"Electrical Conduit - PVC with fixing accessories. Supply and install PVC conduits, conduit boxes, bends, tees, reducers, joints, supports, brackets, other fittings as necessary, 50 mm",lin.m.,14.02
"Electrical Conduit - PVC with fixing accessories. Supply and install PVC conduits, conduit boxes, bends, tees, reducers, joints, supports, brackets, other fittings as necessary, 75 mm",lin.m.,19.47
"Electrical Conduit - PVC with fixing accessories. Supply and install PVC conduits, conduit boxes, bends, tees, reducers, joints, supports, brackets, other fittings as necessary, 100 mm",lin.m.,23.45
"Electrical Cable single core, XLPE, 1000/600 volt rated at 90°C. Supply and install electrical cable, including connections, cable pull and ties as necessary, 70 mm²",lin.m.,7.28
"Electrical Cable single core, XLPE, 1000/600 volt rated at 90°C. Supply and install electrical cable, including connections, cable pull and ties as necessary, 95 mm²",lin.m.,12.13
"Electrical Cable single core, XLPE, 1000/600 volt rated at 90°C. Supply and install electrical cable, including connections, cable pull and ties as necessary, 120 mm²",lin.m.,12.13
"Electrical Cable single core, XLPE, 1000/600 volt rated at 90°C. Supply and install electrical cable, including connections, cable pull and ties as necessary, 150 mm²",lin.m.,16.71
"Electrical Cable single core, XLPE, 1000/600 volt rated at 90°C. Supply and install electrical cable, including connections, cable pull and ties as necessary, 185 mm²",lin.m.,18.87
"Electrical Cable single core, XLPE, 1000/600 volt rated at 90°C. Supply and install electrical cable, including connections, cable pull and ties as necessary, 240 mm²",lin.m.,23.45
"Electrical Cable single core, XLPE, 1000/600 volt rated at 90°C. Supply and install electrical cable, including connections, cable pull and ties as necessary, 300 mm²",lin.m.,23.45
"Electrical Cable single core, XLPE, 1000/600 volt rated at 90°C. Supply and install electrical cable, including connections, cable pull and ties as necessary, 400 mm²",lin.m.,23.45
"Electrical Cable single core, XLPE, 1000/600 volt rated at 90°C. Supply and install electrical cable, including connections, cable pull and ties as necessary, 500 mm²",lin.m.,47.17
"Electrical Cable single core, XLPE, 1000/600 volt rated at 90°C. Supply and install electrical cable, including connections, cable pull and ties as necessary, 630 mm²",lin.m.,47.17
"Electrical Cable - 4 core, XLPE, 1000/600volt rated at 90°C. Supply and install electrical cable, including connections, cable pull and ties as necessary, 2.5 mm²",lin.m.,4.58
"Electrical Cable - 4 core, XLPE, 1000/600volt rated at 90°C. Supply and install electrical cable, including connections, cable pull and ties as necessary, 4 mm²",lin.m.,4.58
"Electrical Cable - 4 core, XLPE, 1000/600volt rated at 90°C. Supply and install electrical cable, including connections, cable pull and ties as necessary, 6 mm²",lin.m.,4.58
"Electrical Cable - 4 core, XLPE, 1000/600volt rated at 90°C. Supply and install electrical cable, including connections, cable pull and ties as necessary, 10 mm²",lin.m.,7.28
"Electrical Cable - 4 core, XLPE, 1000/600volt rated at 90°C. Supply and install electrical cable, including connections, cable pull and ties as necessary, 16 mm²",lin.m.,12.13
"Electrical Cable - 4 core, XLPE, 1000/600volt rated at 90°C. Supply and install electrical cable, including connections, cable pull and ties as necessary, 25 mm²",lin.m.,18.48
"Electrical Cable - 4 core, XLPE, 1000/600volt rated at 90°C. Supply and install electrical cable, including connections, cable pull and ties as necessary, 35 mm²",lin.m.,37.48
"Electrical Cable - 4 core, XLPE, 1000/600volt rated at 90°C. Supply and install electrical cable, including connections, cable pull and ties as necessary, 50 mm²",lin.m.,54.93
"Electrical Cable - 4 core, XLPE, 1000/600volt rated at 90°C. Supply and install electrical cable, including connections, cable pull and ties as necessary, 70 mm²",lin.m.,69.82
"Electrical Cable - 4 core, XLPE, 1000/600volt rated at 90°C. Supply and install electrical cable, including connections, cable pull and ties as necessary, 95 mm²",lin.m.,100.62
"Electrical Cable - 4 core, XLPE, 1000/600volt rated at 90°C. Supply and install electrical cable, including connections, cable pull and ties as necessary, 120mm²",lin.m.,83.94
"Electrical Cable - 4 core, XLPE, 1000/600volt rated at 90°C. Supply and install electrical cable, including connections, cable pull and ties as necessary,150mm²",lin.m.,101.09
"Electrical Cable - 4 core, XLPE, 1000/600volt rated at 90°C. Supply and install electrical cable, including connections, cable pull and ties as necessary, 185mm²",lin.m.,131.02
"Electrical Cable - Single  core, XLPE, 600 volt rated at 90°C. Supply and install electrical cable, including connections, cable pull and ties as necessary, 2.5 mm²",lin.m.,4.06
"Electrical Cable - Single  core, XLPE, 600 volt rated at 90°C. Supply and install electrical cable, including connections, cable pull and ties as necessary, 4 mm²",lin.m.,4.06
"Electrical Cable - Single  core, XLPE, 600 volt rated at 90°C. Supply and install electrical cable, including connections, cable pull and ties as necessary, 6 mm²",lin.m.,4.06
"Electrical Cable - Single  core, XLPE, 600 volt rated at 90°C. Supply and install electrical cable, including connections, cable pull and ties as necessary, 10 mm²",lin.m.,4.58
"Electrical Cable - Single  core, XLPE, 600 volt rated at 90°C. Supply and install electrical cable, including connections, cable pull and ties as necessary, 16 mm²",lin.m.,4.58
"Electrical Cable - Single  core, XLPE, 600 volt rated at 90°C. Supply and install electrical cable, including connections, cable pull and ties as necessary, 25 mm²",lin.m.,4.58
"Electrical Cable - Single  core, XLPE, 600 volt rated at 90°C. Supply and install electrical cable, including connections, cable pull and ties as necessary, 35 mm²",lin.m.,4.58
"Electrical Cable - Single  core, XLPE, 600 volt rated at 90°C. Supply and install electrical cable, including connections, cable pull and ties as necessary, 50 mm²",lin.m.,7.79
"Electrical Cable - Multicolor, XLPE, 1000/600 volt rated at 90°C. Supply and install electrical cable, including connections, cable pull and ties as necessary, 2.5 mm² x 3 core",lin.m.,4.58
"Electrical Cable - Multicolor, XLPE, 1000/600 volt rated at 90°C. Supply and install electrical cable, including connections, cable pull and ties as necessary, 4 mm² x 3 core",lin.m.,4.58
"Electrical Cable - Multicolor, XLPE, 1000/600 volt rated at 90°C. Supply and install electrical cable, including connections, cable pull and ties as necessary, 6 mm² x 3 core",lin.m.,4.58
"Electrical Cable - Multicolor, XLPE, 1000/600 volt rated at 90°C. Supply and install electrical cable, including connections, cable pull and ties as necessary, 10 mm² x 3 core",lin.m.,7.28
"Electrical Cable - Multicolor, XLPE, 1000/600 volt rated at 90°C. Supply and install electrical cable, including connections, cable pull and ties as necessary, 16 mm² x 3 core",lin.m.,9.43
"Electrical Cable - Multicolor, XLPE, 1000/600 volt rated at 90°C. Supply and install electrical cable, including connections, cable pull and ties as necessary, 25 mm² x 3 core",lin.m.,12.13
"Electrical Cable - Multicolor, XLPE, 1000/600 volt rated at 90°C. Supply and install electrical cable, including connections, cable pull and ties as necessary, 35 mm² x 3 core",lin.m.,12.13
"Electrical Cable - Multicolor, XLPE, 1000/600 volt rated at 90°C. Supply and install electrical cable, including connections, cable pull and ties as necessary, 50 mm² x 3 core",lin.m.,16.71
"Electrical Cable - Multicolor, XLPE, 1000/600 volt rated at 90°C. Supply and install electrical cable, including connections, cable pull and ties as necessary, 70 mm² x 3 core",lin.m.,18.87
"Electrical Cable - Multicolor, XLPE, 1000/600 volt rated at 90°C. Supply and install electrical cable, including connections, cable pull and ties as necessary, 95 mm² x 3 core",lin.m.,23.45
"Electrical cable THHN. Supply and install electrical cable within trunking, tray, conduit or direct buried, including connections, cable pull and ties as necessary, 2.5 mm² x single core",lin.m.,2.7
"Electrical cable THHN. Supply and install electrical cable within trunking, tray, conduit or direct buried, including connections, cable pull and ties as necessary, 4 mm² x single core",lin.m.,4.58
"Electrical cable THHN. Supply and install electrical cable within trunking, tray, conduit or direct buried, including connections, cable pull and ties as necessary, 6 mm² x single core",lin.m.,4.58
"Electrical cable - Screened 24 volt grade, PVC multi-core Supply and install electrical cable including connections, cable pull and ties as necessary, 1.5 mm² x 2 core",lin.m.,4.58
"Electrical cable - Screened 24 volt grade, PVC multi-core Supply and install electrical cable including connections, cable pull and ties as necessary, 1.5 mm² x 3 core",lin.m.,4.58
"Electrical cable - Screened 24 volt grade, PVC multi-core Supply and install electrical cable including connections, cable pull and ties as necessary, 1.5 mm² x 4 core",lin.m.,7.28
"Electrical cable - Screened 24 volt grade, PVC multi-core Supply and install electrical cable including connections, cable pull and ties as necessary, 1.5 mm² x 5 core",lin.m.,9.43
"Electrical cable - Screened 24 volt grade, PVC multi-core Supply and install electrical cable including connections, cable pull and ties as necessary, 1.5 mm² x 8 core",lin.m.,10.6
"Electrical cable - Screened 24 volt grade, PVC multi-core Supply and install electrical cable including connections, cable pull and ties as necessary, 1.5 mm² x 10 core",lin.m.,9.43
"Electrical cable - Screened 24 volt grade, PVC multi-core Supply and install electrical cable including connections, cable pull and ties as necessary, 1.5 mm² x 20 core",lin.m.,12.13
"DC Electrical Power Cable, Multi-strand Grey Color PVC Jacket. Supply and install electrical cable, including connections, cable pull and ties as necessary, 150 mm²",Lin.m,40.44
"DC Electrical Power Cable, Multi-strand Grey Color PVC Jacket. Supply and install electrical cable, including connections, cable pull and ties as necessary, 70 mm²",Each,27.26
"DC Electrical Power Cable, Multi-strand Grey Color PVC Jacket. Supply and install electrical cable, including connections, cable pull and ties as necessary, 50 mm²",Each,20.82
"Isolating switch. Supply and install isolating switches, internally or externally. as described, including cable entry points and the like, 250 amp; 3 pole",each,330.49
"Isolating switch. Supply and install isolating switches, internally or externally. as described, including cable entry points and the like, 200 amp; 3 pole",each,306.77
"Isolating switch. Supply and install isolating switches, internally or externally. as described, including cable entry points and the like, 160 amp; 3 pole",each,259.59
"Isolating switch. Supply and install isolating switches, internally or externally. as described, including cable entry points and the like, 125 amp; 3 pole",each,236.14
"Isolating switch. Supply and install isolating switches, internally or externally. as described, including cable entry points and the like, 100 amp; 3 pole",each,188.7
"Isolating switch. Supply and install isolating switches, internally or externally. as described, including cable entry points and the like, 80 amp; 3 pole",each,188.7
"Isolating switch. Supply and install isolating switches, internally or externally. as described, including cable entry points and the like, 63 amp; 3 pole",each,188.7
"Isolating switch. Supply and install isolating switches, internally or externally. as described, including cable entry points and the like, 50 amp; 3 pole",each,118.07
"Isolating switch. Supply and install isolating switches, internally or externally. as described, including cable entry points and the like, 40 amp; 3 pole",each,94.62
"Isolating switch. Supply and install isolating switches, internally or externally. as described, including cable entry points and the like, 25 amp; 3 pole",each,70.63
"Isolating switch. Supply and install isolating switches, internally or externally. as described, including cable entry points and the like, 315 amp; 3 pole; in weatherproof enclosure",each,542.64
"Isolating switch. Supply and install isolating switches, internally or externally. as described, including cable entry points and the like, 200 amp; 3 pole; in weatherproof enclosure",each,448.29
"Isolating switch. Supply and install isolating switches, internally or externally. as described, including cable entry points and the like, 160 amp; 3 pole; in weatherproof enclosure",each,401.39
"Isolating switch. Supply and install isolating switches, internally or externally. as described, including cable entry points and the like, 125 amp; 3 pole; in weatherproof enclosure",each,306.77
"Isolating switch. Supply and install isolating switches, internally or externally. as described, including cable entry points and the like, 100 amp; 3 pole; in weatherproof enclosure",each,259.59
"Isolating switch. Supply and install isolating switches, internally or externally. as described, including cable entry points and the like, 63 amp; 3 pole; in weatherproof enclosure",each,259.59
"Isolating switch. Supply and install isolating switches, internally or externally. as described, including cable entry points and the like, 40 amp; 3 pole; in weatherproof enclosure",each,212.42
"Isolating switch. Supply and install isolating switches, internally or externally. as described, including cable entry points and the like, 32 amp; 3 pole; in weatherproof enclosure",each,141.52
"Fuse assembly - including fuses, carriers and installation. Supply and install, 200 amp; 3 pole",each,188.7
"Fuse assembly - including fuses, carriers and installation. Supply and install, 150 amp; 3 pole",each,141.52
"Fuse assembly - including fuses, carriers and installation. Supply and install, 100 amp; 3 pole",each,141.52
"Fuse assembly - including fuses, carriers and installation. Supply and install, 80 amp; 3 pole",each,141.52
"Fuse assembly - including fuses, carriers and installation. Supply and install, 63 amp; 3 pole",each,70.63
"Fuse assembly - including fuses, carriers and installation. Supply and install, 25 amp; 3 pole",each,47.17
"DC Fuse assembly - including fuses, carriers and installation. Supply and install, 200 amp; single pole",Each,42.13
"DC Fuse assembly - including fuses, carriers and installation. Supply and install, 150 amp; single pole",Each,40.64
"DC Fuse assembly - including fuses, carriers and installation. Supply and install, 100 amp;sigle pole",Each,39.65
"DC Fuse assembly - including fuses, carriers and installation. Supply and install, 80 amp; single pole ",Each,38.66
"DC Fuse assembly - including fuses, carriers and installation. Supply and install, 63 amp; single pole",Each,32.22
"DC Fuse assembly - including fuses, carriers and installation. Supply and install, 40 amp; single pole",Each,30.73
"DC Fuse assembly - including fuses, carriers and installation. Supply and install, 25 amp; single pole",Each,20.16
Time delay controller change-over switch in weatherproof  enclosure,each,401.39
Automatic change-over switch for battery room fans,each,991.2
"Sub Distribution Panels with Labels. Supply and install, wall mounted, complete with full capacity main circuit breaker. Rated at 220 V, 60 Hz, 3 phase, 4 wire, 160 amp",each,1958.68
"Lighting Distribution Panels with Labels. Wall mounted and rated for full neutral and ground, with main isolating circuit breaker. 220 V, 60 Hz, 3 phase, 4 wire, 125 amp",each,1692.29
"Sub Distribution Panels with Labels. Supply and install, wall mounted, complete with full capacity main circuit breaker. Rated at 220 V, 60 Hz, 3 phase, 4 wire, 100 amp",each,1510.39
"Sub Distribution Panels with Labels. Supply and install, wall mounted, complete with full capacity main circuit breaker. Rated at 220 V, 60 Hz, 3 phase, 4 wire, 63 amp",each,1038.38
"Lighting Distribution Panels with Labels. Wall mounted and rated for full neutral and ground, with main isolating circuit breaker. 220 V, 60 Hz, 3 phase, 4 wire, 100 amp",each,1392.32
"Lighting Distribution Panels with Labels. Wall mounted and rated for full neutral and ground, with main isolating circuit breaker. 220 V, 60 Hz, 3 phase, 4 wire, 70 amp",each,1109
"Lighting Distribution Panels with Labels. Wall mounted and rated for full neutral and ground, with main isolating circuit breaker. 220 V, 60 Hz, 3 phase, 4 wire, 50 amp",each,825.96
"Lighting Distribution Panels with Labels. Wall mounted and rated for full neutral and ground, with main isolating circuit breaker. 220 V, 60 Hz, 3 phase, 4 wire, 40 amp",each,542.64
"Lighting Distribution Panels with Labels. Wall mounted and rated for full neutral and ground, with main isolating circuit breaker. 220 V, 60 Hz, 3 phase, 4 wire, 30 amp",each,401.39
"Link box with label. Wall mounted & with ground/neutral with main MCB 63A & 4 branch MCB on combine busbar,220/V,single phase,",Each,480
"Panel Mounted Lighting controller. Controlled by a time switch and photocell combination with a test switch and manual / automatic selection switch 220 volt, 3 pole, 60 Hz, 70 amp",each,1699.09
"Panel Mounted Lighting controller. Controlled by a time switch and photocell combination with a test switch and manual / automatic selection switch 220 volt, 3 pole, 60 Hz, 50 amp",each,1510.39
"Panel Mounted Lighting controller. Controlled by a time switch and photocell combination with a test switch and manual / automatic selection switch 220 volt, 3 pole, 60 Hz, 30 amp",each,1392.32
"Fluorescent Light Fittings rapid start. Twin-40 W lamps, with high gloss baked white reflector, industrial type",each,94.62
"Fluorescent Light Fittings rapid start. Twin-40 W, 127 V lamps, with diffusers, weatherproof type,suitable for use at damp location and battery room.",each,118.07
"Fluorescent Light Fittings rapid start. Twin-40W, 127V, heavy duty industrial type, with white enamelled sheet metal louvre.",each,94.62
"Lighting circuits including switches, conduit, wiring and necessary fittings. Supply and install, including supports, drop rod hangers, etc., 20 amp, 127V, toggle operated",each,86.06
"Lighting circuits including switches, conduit, wiring and necessary fittings. Supply and install, including supports, drop rod hangers, etc., 20 amp, 127V, toggle operated, threeway",each,70.63
"Lighting circuits including switches, conduit, wiring and necessary fittings. Supply and install, including supports, drop rod hangers, etc., 20 amp, 127V, toggle operated, weatherproof",each,70.63
"Lighting circuits including switches, conduit, wiring and necessary fittings. Supply and install, including supports, drop rod hangers, etc., 20 amp, 127V, toggle operated, fourway",each,70.63
"Lighting circuits including switches, conduit, wiring and necessary fittings. Supply and install, including supports, drop rod hangers, etc., 20 amp, 127V, toggle op., Battery Room",each,94.62
"Lighting circuits including switches, conduit, wiring and necessary fittings. Supply and install, including supports, drop rod hangers, etc., 20 amp, 127V, toggle op., 3 way, Battery Room",each,94.62
"Circuit Breakers with Labels. Circuit Breakers moulded cases, panel mounted, suitable for mounting in switchboards Supply and install. 200 amp, 3 pole, 220 V, 60 Hz",each,802.23
"Circuit Breakers with Labels. Circuit Breakers moulded cases, panel mounted, suitable for mounting in switchboards Supply and install. 160 amp, 3 pole, 220 V, 60 Hz",each,516.25
"Circuit Breakers with Labels. Circuit Breakers moulded cases, panel mounted, suitable for mounting in switchboards Supply and install. 125 amp, 3 pole, 220 V, 60 Hz",each,306.77
"Circuit Breakers with Labels. Circuit Breakers moulded cases, panel mounted, suitable for mounting in switchboards Supply and install. 100 amp, 3 pole, 220 V, 60 Hz",each,259.59
"Circuit Breakers with Labels. Circuit Breakers moulded cases, panel mounted, suitable for mounting in switchboards Supply and install. 80 amp, 3 pole, 220 V, 60 Hz",each,259.59
"Circuit Breakers with Labels. Circuit Breakers moulded cases, panel mounted, suitable for mounting in switchboards Supply and install. 70 amp, 3 pole, 220 V, 60 Hz",each,259.59
"Circuit Breakers with Labels. Circuit Breakers moulded cases, panel mounted, suitable for mounting in switchboards Supply and install. 63 amp, 3 pole, 220 V, 60 Hz",each,188.7
"Circuit Breakers with Labels. Circuit Breakers moulded cases, panel mounted, suitable for mounting in switchboards Supply and install. 50 amp, 3 pole, 220 V, 60 Hz",each,165.25
"Circuit Breakers with Labels. Circuit Breakers moulded cases, panel mounted, suitable for mounting in switchboards Supply and install. 40 amp, 3 pole, 220 V, 60 Hz",each,141.52
"Circuit Breakers with Labels. Circuit Breakers moulded cases, panel mounted, suitable for mounting in switchboards Supply and install. 32 amp, 3 pole, 220 V, 60 Hz",each,118.07
"Circuit Breakers with Labels. Circuit Breakers moulded cases, panel mounted, suitable for mounting in switchboards Supply and install. 25 amp, 3 pole, 220 V, 60 Hz",each,94.62
"Circuit Breakers with Labels. Circuit Breakers moulded cases, panel mounted, suitable for mounting in switchboards Supply and install. 16 amp, 3 pole, 220 V, 60 Hz",each,70.63
"Circuit Breakers with Labels. Circuit Breakers moulded cases, panel mounted, suitable for mounting in switchboards Supply and install. 20 amp, 3 pole, 220 V, 60 Hz",each,94.62
"Circuit Breakers with Labels. Circuit Breakers moulded cases, panel mounted, suitable for mounting in switchboards Supply and install. 80 amp, 2 pole, 220 V, 60 Hz",each,182.48
"Circuit Breakers with Labels. Circuit Breakers moulded cases, panel mounted, suitable for mounting in switchboards Supply and install. 63 amp, 2 pole, 220 V, 60 Hz",each,141.52
"Circuit Breakers with Labels. Circuit Breakers moulded cases, panel mounted, suitable for mounting in switchboards Supply and install. 50 amp, 2 pole, 220 V, 60 Hz",each,118.07
"Circuit Breakers with Labels. Circuit Breakers moulded cases, panel mounted, suitable for mounting in switchboards Supply and install. 32 amp, 2 pole, 220 V, 60 Hz",each,94.62
"Circuit Breakers with Labels. Circuit Breakers moulded cases, panel mounted, suitable for mounting in switchboards Supply and install. 25 amp, 2 pole, 220 V, 60 Hz",each,70.63
"Circuit Breakers with Labels. Circuit Breakers moulded cases, panel mounted, suitable for mounting in switchboards Supply and install. 20 amp, 2 pole, 220 V, 60 Hz",each,47.17
"Circuit Breakers with Labels. Circuit Breakers moulded cases, panel mounted, suitable for mounting in switchboards Supply and install. 16 amp, 2 pole, 220 V, 60 Hz",each,23.45
"Circuit Breakers with Labels. Circuit Breakers moulded cases, panel mounted, suitable for mounting in switchboards Supply and install. 20 amp, 1 pole, 220 V, 60 Hz",each,23.45
"Circuit Breakers with Labels. Circuit Breakers moulded cases, panel mounted, suitable for mounting in switchboards Supply and install. 15 amp, 1 pole, 220 V, 60 Hz",each,18.87
"Circuit Breakers with Labels. Circuit Breakers moulded cases, panel mounted, suitable for mounting in switchboards Supply and install. 10-32 amp, 1 pole, 220 V, 60 Hz",each,23.45
"Circuit Breakers with Labels. Circuit Breakers moulded cases, panel mounted, suitable for mounting in switchboards Supply and install. 40-63 amp, 1 pole, 220 V, 60 Hz",each,54.07
"Circuit Breaker with Label. Circuit Breaker moulded case, panel mounted, suitable for mounting in switchboards Supply and install. 100 amp, 1 pole, 220 V, 60 Hz",each,67.58
"Circuit Breaker with labels. Moulded case, panel mounted, for switchboards. 220 Volt, 60 Hz. Supply and Install. 250 amp, 3 pole; weatherproof enclosure",each,1557.56
"Circuit Breaker with labels. Moulded case, panel mounted, for switchboards. 220 Volt, 60 Hz. Supply and Install. 200 amp, 3 pole; weatherproof enclosure",each,1038.38
"Circuit Breaker with labels. Moulded case, panel mounted, for switchboards. 220 Volt, 60 Hz. Supply and Install. 160 amp, 3 pole; weatherproof enclosure",each,519.19
"Circuit Breaker with labels. Moulded case, panel mounted, for switchboards. 220 Volt, 60 Hz. Supply and Install. 125 amp, 3 pole; weatherproof enclosure",each,472.01
"Circuit Breaker with labels. Moulded case, panel mounted, for switchboards. 220 Volt, 60 Hz. Supply and Install. 100 amp, 3 pole; weatherproof enclosure",each,424.84
"Circuit Breaker with labels. Moulded case, panel mounted, for switchboards. 220 Volt, 60 Hz. Supply and Install. 63 amp, 3 pole; weatherproof enclosure",each,401.39
Photocell.  Photocell controlled external light circuits mounted in a weatherproof case and fitted with an easily accessible test switch,each,472.01
"Other light fixtures, based on Saudi Lighting Co Ltd (SLC). Supply and install. Self contained Emergency Exit Lights with battery and charger installed and wired to a test switch",each,306.77
"Other light fixtures, based on Saudi Lighting Co Ltd (SLC). Supply and install. Emergency lighting fixture",each,306.77
"Other light fixtures, based on Saudi Lighting Co Ltd (SLC). Supply and install. Wall mounted outdoor lighting fixture, surface mounted",each,259.59
"Other light fixtures, based on Saudi Lighting Co Ltd (SLC). Supply and install. Floodlight fixture",each,330.49
"Other light fixtures, based on Saudi Lighting Co Ltd (SLC). Supply and install. 4 x 20 watt recessed flourescent",each,118.07
"Other light fixtures, based on Saudi Lighting Co Ltd (SLC). Supply and install. 18 watt compact recessed downlight",each,94.62
"Other light fixtures, based on Saudi Lighting Co Ltd (SLC). Supply and install. 4 x 20 watt recessed flourescent with emergency battery pack",each,306.77
"Other light fixtures, based on Saudi Lighting Co Ltd (SLC). Supply and install. 50 watt, 220 / 12 volt recessed downlight,  for external use",each,141.52
"Other light fixtures, based on Saudi Lighting Co Ltd (SLC). Supply and install. 40 watt flourescent, surface mounted with emergency battery pack",each,188.7
"Other light fixtures, based on Saudi Lighting Co Ltd (SLC). Supply and install. 4 x 40 watt flourescent with prismatic difffuser",each,165.25
"Other light fixtures, based on Saudi Lighting Co Ltd (SLC). Supply and install. Emergency battery invertor unit",each,236.14
"Earthing System components. Insulated copper earth wire; soft drawn, stranded. Supply and install to backgrounds, PVC insulated copper conductor. 240 mm²",lin.m.,23.45
"Earthing System components. Insulated copper earth wire; soft drawn, stranded. Supply and install to backgrounds, PVC insulated copper conductor. 120 mm²",lin.m.,18.87
"Earthing System components. Insulated copper earth wire; soft drawn, stranded. Supply and install to backgrounds, PVC insulated copper conductor. 70 mm²",lin.m.,16.71
"Earthing System components. Insulated copper earth wire; soft drawn, stranded. Supply and install to backgrounds, PVC insulated copper conductor. 50 mm²",lin.m.,12.13
"Earthing System components. Insulated copper earth wire; soft drawn, stranded. Supply and install to backgrounds, PVC insulated copper conductor. 35 mm²",lin.m.,9.43
"Earthing System components. Insulated copper earth wire; soft drawn, stranded. Supply and install to backgrounds, PVC insulated copper conductor. 25 mm²",lin.m.,4.58
"Earthing System components. Insulated copper earth wire; soft drawn, stranded. Supply and install to backgrounds, PVC insulated copper conductor. 16 mm²",lin.m.,4.58
"Earthing System components. Insulated copper earth wire; soft drawn, stranded. Supply and install to backgrounds, PVC insulated copper conductor. 10 mm²",lin.m.,2.7
"Earthing System components. Insulated copper earth wire; soft drawn, stranded. Supply and install to backgrounds, PVC insulated copper conductor. 6 mm²",lin.m.,2.7
"Earthing System components. Insulated copper earth wire; soft drawn, stranded. Supply and install to backgrounds, PVC insulated copper conductor. 4 mm²",lin.m.,2.7
Earthing System components. Earth rods; stainless steel 19 mm dia. 2400 mm long,each,118.07
"Earthing System components. Earth bar, copper, 5 mm thick with 10 mm holes for lugs",lin.m.,141.52
Earthing System components. Cadweld connection. Wire to wire T and X connection,each,12.13
Earthing System components. Cadweld connection. Wire to ground rod,each,16.71
Earthing System components. Cadweld connection. Wire to gate and fence pole,each,70.63
Earthing System components. Mechanical earthing connection. Supply and install,each,47.17
Earthing System components. Earth rod test / inspection pit. Supply and install,each,94.62
Earthing System components. Bare copper earth wire. Supply and install in trenches (trenches measured separately) and to backgrounds copper conductor. 120 mm²,lin.m.,18.87
Earthing System components. Bare copper earth wire. Supply and install in trenches (trenches measured separately) and to backgrounds copper conductor. 95 mm²,lin.m.,16.71
Earthing System components. Bare copper earth wire. Supply and install in trenches (trenches measured separately) and to backgrounds copper conductor. 70 mm²,lin.m.,14.02
Earthing System components. Bare copper earth wire. Supply and install in trenches (trenches measured separately) and to backgrounds copper conductor. 50 mm²,lin.m.,9.43
Earthing System components. Bare copper earth wire. Supply and install in trenches (trenches measured separately) and to backgrounds copper conductor. 35 mm²,lin.m.,9.43
Earthing System components. Bare copper earth wire. Supply and install in trenches (trenches measured separately) and to backgrounds copper conductor. 25 mm²,lin.m.,7.28
Earthing System components. Bare copper earth wire. Supply and install in trenches (trenches measured separately) and to backgrounds copper conductor. 16 mm²,lin.m.,4.58
Earthing System components. Air Rod. Supply and install. 500 mm long,each,70.63
Earthing System components. Air Rod. Supply and install. 1000 mm long,each,94.62
Earthing System components. Air Rod. Supply and install. 2000 mm long,each,141.52
Earthing System components. 25 x 3 mm bare copper tape. Supply and fix to backgrounds,lin.m.,14.02
Earthing System components. Reinforcing rod in concrete wall; continously welded. Supply and install,lin.m.,9.43
Access Control and Door Alarm Systems. Access control panel coded for identification of personnel.,each,2713.74
Access Control and Door Alarm Systems. Magnetic door reed switch contacts with wiring to panel,each,330.49
Access Control and Door Alarm Systems. Magnetic Identification card,each,23.45
Building Alarm Terminal Box (BATB) for New GSM equipment rooms / indoor sites,each,108.48
Telephone outlet complete with wiring,each,47.17
Telephone wire installed in raceway. 2 Pair,lin.m.,4.58
Telephone wire installed in raceway. 4 Pair,lin.m.,4.58
Telephone wire installed in raceway. 12 Pair,lin.m.,4.58
"Cable tray system. Supply and install galvanized cable tray or ladder rack, including supports, brackets, drop rod hangers, bends, tees, etc. 3"" wide (75 mm)",lin.m.,23.45
"Cable tray system. Supply and install galvanized cable tray or ladder rack, including supports, brackets, drop rod hangers, bends, tees, etc. 4"" wide (100 mm)",lin.m.,47.17
"Cable tray system. Supply and install galvanized cable tray or ladder rack, including supports, brackets, drop rod hangers, bends, tees, etc. 6"" wide (150 mm)",lin.m.,47.17
"Cable tray system. Supply and install galvanized cable tray or ladder rack, including supports, brackets, drop rod hangers, bends, tees, etc. 8"" wide (200 mm)",lin.m.,47.17
"Cable tray system. Supply and install galvanized cable tray or ladder rack, including supports, brackets, drop rod hangers, bends, tees, etc. 12"" wide (300 mm)",lin.m.,70.63
"Cable tray system. Supply and install galvanized cable tray or ladder rack, including supports, brackets, drop rod hangers, bends, tees, etc. 16"" wide (400 mm)",lin.m.,70.63
"Cable tray system. Supply and install galvanized cable tray or ladder rack, including supports, brackets, drop rod hangers, bends, tees, etc. 18"" wide (450 mm)",lin.m.,70.63
"Cable tray system. Supply and install galvanized cable tray or ladder rack, including supports, brackets, drop rod hangers, bends, tees, etc. 24"" wide (600 mm)",lin.m.,118.07
"Cable tray system. Supply and install galvanized cable tray or ladder rack, including supports, brackets, drop rod hangers, bends, tees, etc. 36"" wide (900 mm)",lin.m.,165.25
"Cable trunking; Galvanized. Supply and install galvanized trunking and cover, including supports, brackets, drop rod hangers, bends, tees, etc. 150 x 75 mm",lin.m.,71.88
"Cable trunking; Galvanized. Supply and install galvanized trunking and cover, including supports, brackets, drop rod hangers, bends, tees, etc. 100 x 100 mm",lin.m.,70.96
"Cable trunking; Galvanized. Supply and install galvanized trunking and cover, including supports, brackets, drop rod hangers, bends, tees, etc. 75 x 75 mm",lin.m.,35.28
"Jiffy/service poles complete with wiring and fittings, with 15 amp, 120 V outlet",each,70.63
"Jiffy/service poles complete with wiring and fittings, with 20 amp, 220 V outlet",each,70.63
"Jiffy/service poles complete with wiring and fittings, with 15 amp, 120 V outlet and telephone outlet",each,118.07
"Jiffy/service poles complete with wiring and fittings, with 20 amp, 220 V outlet and telephone outlet",each,165.25
"Fire Indicator Panel complete with Zone/circuit electronics, Smoke circuits ionization and optical, Thermal circuits, Sprinkler circuits, Zone/circuit grouping facilities, etc.",each,6914.42
Smoke Detectors. Ionization type,each,94.62
Smoke Detectors. Optical,each,118.07
Thermal Detectors,each,47.17
Optical Beam Detectors,each,283.85
Very Early Smoke Detection Apparatus. VESDA smoke sampling and detector unit.,each,567.71
Fire Detection System. Supply and install. Fire alarm horn and light - combined unit,each,188.7
Fire Detection System. Supply and install. Breakglass fire alarm,each,94.62
Fire Detection System. Supply and install. End of line resistor,each,47.17
Fire Detection System. Supply and install. Fire alarm bell,each,47.17
Fire Detection System. Supply and install. Flashing lamp,each,94.62
"Receptacles. Supply and install receptacle outlet, including cover and box, excluding conduits, etc. Single and Duplex ; indoor ;20 amp, 125 volt; box & plate",each,35.28
"Receptacles. Supply and install receptacle outlet, including cover and box, excluding conduits, etc. Duplex ; indoor; 20 amp, 125 volt; twist lock type; box and cover",each,70.96
"Receptacles. Supply and install receptacle outlet, including cover and box, excluding conduits, etc. Duplex; indoor; 20 amp, 250 volt; box & plate",each,32.03
"Receptacles. Supply and install receptacle outlet, including cover and box, excluding conduits, etc. Duplex; indoor; 20 amp, 250 volt twist lock type; box and cover",each,47.17
"Receptacles. Supply and install receptacle outlet, including cover and box, excluding conduits, etc. Single; indoor; 20 amp, 220 / 125 volt; box and plate - Battery Room",each,94.62
"Receptacles. Supply and install receptacle outlet, including cover and box, excluding conduits, etc. Single; indoor; 20 amp 220 volt twist lock type; box and cover",each,47.17
"Receptacles. Supply and install receptacle outlet, including cover and box, excluding conduits, etc. Duplex; outdoor; 20 amp, 220 / 125 volt twist lock type; box and cover",each,47.17
"Receptacles. Supply and install receptacle outlet, including cover and box, excluding conduits, etc. Single; outdoor; 20 amp, 220 / 125 volt twist lock type; box and cover",each,70.96
"Receptacles. Supply and install receptacle outlet, including cover and box, excluding conduits, etc. Single; outdoor; 3 phase, 220 volt twist lock type; box and cover",each,70.96
"Receptacles. Supply and install receptacle outlet, including cover and box, excluding conduits, etc. Flush floor mounted; 20 amp, 250 / 125 volt  twist lock type; box and cover",each,165.25
"Receptacles. Supply and install receptacle outlet, including cover and box, excluding conduits, etc. 20 amp, 250 volt  -  MFOS",each,23.45
"Receptacles. Supply and install receptacle outlet, including cover and box, excluding conduits, etc. 15 amp, 127 volt  -  MFOS",each,23.45
"Receptacles. Supply and install receptacle outlet, including cover and box, excluding conduits, etc. Exhaust fan / water heater / refrigerator outlet",each,23.45
"Junction Box, standard duty, internal, non-hazardous applications. Adaptable / junction box: 4.5 x 4.5 inches",each,70.63
"Junction Box, standard duty, internal, non-hazardous applications. Adaptable / junction box: 8.5 x 8.5 inches",each,94.62
"Junction Box, Surface mounted, IP55, Suitable for Power sharing with 400A Busbar rating, 600mmx400mmx200mm ",each,517.92
Temporary Building Wall (non load bearing).,sq.m.,20.37
Set up well point dewatering,each,1632.38
Install or remove dewatering manifold,each,673.92
"Well point operation, hour",each,22.46
"Well point operation, day",each,494.21
"Well point operation, week",each,3594.24
"Well point operation, month",each,15485.18
"Shelter. Pre-installed, fully equipped, steel shelter 2.5x2.0x2.4 (internal dim.).  With A/C set of 3 ton capacity. Price not include DC power and telecom equipment.",each,32849.47
"Shelter. Precast, fully equipped, shelter 2.5x2.0x2.4 (internal dim.).  With A/C set of 3 ton capacity. Price not include DC power and telecom equipment.",each,38937.85
"Shelter. Pre-installed, fully equipped, steel shelter 3x3x2.77 (internal dim.).  With A/C set of 3 ton capacity. Price not include DC power and telecom equipment.",each,35398.13
"Shelter. Pre-installed, fully equipped, shelter Internal dimensions 3.0x2.4x2.78 high point 2.73 low point. With A/C packaged unit set of 3 ton capacity. Price not include DC power and telecom equipment.",each,44943.36
Shelter Foundation. Precast Foundation,each,2236.35
Transportation Shelter and Foundation,each,710.04
Erection of Shelter and Foundation,each,2449.24
"Gantry between tower and Equipment shelter, galvanized",lin.m.,461.46
"Supply only for Decorative Shelter. Pre-installed, fully equipped, shelter Internal 
dimensions 3.0x2.4x2.78 high point 2.73 low point. With A/C
 packaged unit set of 3 ton capacity. Price not include DC power 
and telecom equipment.",Each,49443.64
"Supply only for Decorative Shelter. Pre-installed, fully equipped, steel shelter 3x3x2.77 (internal dim.).  With A/C set of 3 ton capacity. Price not include DC power and telecom equipment.",each,53002.58
"Supply only for Decorative Shelter. Pre-installed, fully equipped, steel shelter 3x3x2.77 (internal dim.). With A/C set of 4 ton capacity.Price not include DC power and telecom equipment.",each,53002.58
Electrical item on SCECO wall. SCECO Wall Box Frame,each,76.68
Electrical item on SCECO wall. MCCB 125amp Manual Transfer Switch,each,1353.83
Electrical item on SCECO wall. Rain Tight 200amp Receptical,each,922.93
500 AH Batteries (Flooded),each,8446.46
1000 AH Batteries (Flooded),each,11681.28
"String of12 cells (=48V) valve regulated battery, capacity125AH, including battery stand for 2x12 cells ",each,3514.37
300 AH Batteries (Valve regulated),each,6611.42
"String of 24 cells(=48V) valve regulated battery, capacity 300AH including battery stand for 24 cells",each,8629.68
400 AH Batteries (Valve regulated) to be used for expansion only ,each,11050.43
500 AH Batteries (Valve Regulated),each,14423.78
"12,5A Rectifier",each,2086.46
50 A Rectifier,each,3144.96
100 A Rectifier,each,5042.72
E) Normal type dewatering system using normal pumps. (Minimum 2 Pumps) with Storage,LS,2566.84
TSSR package for site sharing sites,each,3593.58
Feeder to Feederless conversion,each,1889.28
Maintance Generator,per.month,432
Outdoor cable gantry with cover supply & Installation (450mm width) in greenfield site,Meter,290.53
Supply and installation of Roxtec Type G8X1 (RM 40 + 20W40),each,403.75
Supply and installation of Roxtec Type G8X1 (RM 60 + 20W40),each,426.22
Supply and installation of Roxtec Type G4X3 (RM 40 + 20W40),each,709.56
Supply and installation of Roxtec Type G4X3 (RM 60 + 20W40),each,727.23
Supply and installation of Roxtec Type Complus 6X2 (RM 40 + 20W40),each,702.97
Supply and installation of Roxtec Type Complus 6X2 (RM 60 + 20W40),each,688.6
Supply and installation of Roxtec Type KFO (RM 40 + 20W40),each,390.87
Supply and installation of Roxtec Type KFO (RM 60 + 20W40),each,398.96
Supply and installation of RM module  (RM 40),each,13.48
Supply and installation of RM module  (RM 20),each,5.39
RF Antenna mounting supply and installation with bracket and all accesseriores (3m),each,404.35
RF Antenna mounting supply and installation with bracket and all accesseriores (2m),each,374.4
MW Antenna mounting supply and installation with bracket and all accesseriores (3m),each,404.35
MW Antenna mounting supply and installation with bracket and all accesseriores (2m),each,374.4
RRU mounting supply and installation with bracket and all accesseriores (1.5m),each,329.47
"Structural steelwork, materials, fabrication, bolts, welding, erection etc, for complete structures. Type: galvanized, quality .",Ton,3893.76
one minishelter Installation(required Accessories) As per Zain KSA Standard  ,each,748.8
One Powercube Installation(required Accessories) As per Zain KSA Standard  ,each,1198.08
"DC Distribution Panels with Labels. Wall mounted and rated for full neutral and ground, with two mains fuse rating up to 250A/ 48V & five branch circuits for each main.",each,599.04
Install Battery Bracket for 150Ah battery string,set,259.2
"Tower analysis: comparative study, to verify that the additional load is within the designed spare capacity of the structure. ",each,430.08
Tower analysis:structural calculation based on available documentation and drawings,each,907.2
Tower analysis: structural calculation incl. survey to measure and verify the condition of the members of the structure as basis for the structural calculation,each,1824
Supply and installation of the DCDU,Each,432
Supply and installation of the DC panel,Each,432
"Reinforced Concrete including formwork, reinforcement, and finishing in all types of structures (cast in situ). Quality 35 N/mm²",cu.m.,419.33
"Lean concrete underneath foundation, waterproof membrane etc. 10 cm thickness",sq.m.,11.38
"Lean concrete underneath foundation, waterproof membrane etc. 15 cm thickness",sq.m.,14.98
"Reinforced concrete precast retaining wall panels including supply, installation , holes for cabling etc.",cu.m.,374.4
Precast concrete units for columns,cu.m.,404.35
Precast concrete units for beams,cu.m.,404.35
Precast concrete units for structural walls (load beraring),cu.m.,404.35
Precast concrete internal and external walls,cu.m.,404.35
"Precast concrete boundary fence (Thickness 12 cm, Height 3 m.) From ground level with fine sand blasted finish inside and hard sand blasted finish outside",lin.m.,164.74
"Foundation Work Including Excavation, Backfilling, Blinding Concrete Reinforcement.  Gantry Post Foundation & Post Installation",each,299.52
"Rooftop Sites. Erection of Steelwork. Incl. mast steel, bolts with nuts and washers, initial quantity of antenna mounts for initial design load. up to 4.5 m mast",ton,1414.18
"Supply and erection Structural steelwork, materials, fabrication, anchor bolts, welding,etc, for complete structures. Type: galvanised, quality including Rooftop Building Sites (Sq.bases, tripods, wall mounts, etc)",ton,3444.63
"Hot dip Galvanizing  for structural steel with steel thickness greater than 5 mm, not to be less than 140µm in thickness.",ton,224.64
Supply and Install Site Logo sign boards 80x80 cm on green field and roof top sites,each,110.82
Fuel Filling Gate,each,194.69
Grounding conductor 70 mm,lin.m.,12.13
Electrical Tests,each,299.52
"Electrical cable - Screened 24 volt grade, PVC multi-core Supply and install electrical cable including connections, cable pull and ties as necessary, 1.5 mm² x16 core",lin.m.,10.48
"DC Distribution Panels with Labels. Wall mounted and rated for full neutral and ground, with two mains fuse rating up to 250A/ 48V & five branch circuits for each main.",each,599.04
"Link box with label. Wall mounted & with ground/neutral with main MCB 80A & 6 branch MCB on combine busbar,220V,3phase,",each,539.14
"Isolating switch. Supply and install isolating switches, internally or externally. as described, including cable entry points and the like, 80 amp; 3 pole; in weatherproof enclosure",Each,164.74
"Circuit Breaker with labels. Moulded case, panel mounted, for switchboards. 220 Volt, 60 Hz. Supply and Install 80 amp, 3 pole; weatherproof enclosure",Each,413.34
Additional Electrical Works to be added with site Electrical Works if required. Electrical Works for on Site Generator,each,1048.32
Additional Electrical Works to be added with site Electrical Works if required. Electrical & Mechanical Works for on Site 1000 liter fuel tank,each,1407.74
"FM200 Gas Flooding Extinguishing System complete.  Based on type 2. Supply and install, including all brackets, straps,  identification plates and discs. Gas bottle and gas  -  15 -49 kg",each,3594.24
"FM200 Gas Flooding Extinguishing System complete.  Based on type 2. Supply and install, including all brackets, straps,  identification plates and discs. Gas bottle and gas  - 50 kg",each,5091.84
"FM200 Gas Flooding Extinguishing System complete.  Based on type 2. Supply and install, including all brackets, straps,  identification plates and discs. 20 Kg manual fire extinguisher",each,1138.18
"FM200 Gas Flooding Extinguishing System complete.  Based on type 2. Supply and install, including all brackets, straps,  identification plates and discs. Portable fire extinguisher",each,1108.22
Transport & erect bulk fuel storage tank. 1-100km.,each,973.44
Temporary Dust Barrier (Interior),sq.m.,2.4
"Shelter. Pre-installed, fully equipped, steel shelter 3x3x2.77 (internal dim.). With A/C set of 4 ton capacity.Price not include DC power and telecom equipment.",each,37757.85
"Making a new opening on the shelter sandwich wall, filling of any voids with a suitable and provision of a square frame",each,772.95
Rooftop Sites. Crane Lift. For lifting rooftop antenna mounts and equipment containers. Assumes free access. In the urban areas of the 5 major cities. (up to 20 ton),each,410.74
Rooftop Sites. Crane Lift. For lifting rooftop antenna mounts and equipment containers. Assumes free access. In the urban areas of the 5 major cities.   (up to 40 ton),Each,259.76
Rooftop Sites. Crane Lift. For lifting rooftop antenna mounts and equipment containers. Assumes free access. In the urban areas of the 5 major cities.  (up to 50 ton),each,421.39
Rooftop Sites. Crane Lift. For lifting rooftop antenna mounts and equipment containers. Assumes free access. In the urban areas of the 5 major cities. (up to 100 ton),each,750.42
Rooftop Sites. Crane Lift. For lifting rooftop antenna mounts and equipment containers. Assumes free access. In the urban areas of the 5 major cities.  (up to 120 ton),each,923.59
Rooftop Sites. Crane Lift. For lifting rooftop antenna mounts and equipment containers. Assumes free access. In the urban areas of the 5 major cities.(up to 150 ton),each,1558.56
Rooftop Sites. Crane Lift. For lifting rooftop antenna mounts and equipment containers. Assumes free access. In other than the 5 major centers.  (up to 20 ton),each,1281.01
Rooftop Sites. Crane Lift. For lifting rooftop antenna mounts and equipment containers. Assumes free access. In other than the 5 major centers. (up to 40 ton),each,896.17
Rooftop Sites. Crane Lift. For lifting rooftop antenna mounts and equipment containers. Assumes free access. In other than the 5 major centers.  (up to 50 ton),each,1254.64
Rooftop Sites. Crane Lift. For lifting rooftop antenna mounts and equipment containers. Assumes free access. In other than the 5 major centers.  (up to 100 ton),each,3024.58
Rooftop Sites. Crane Lift. For lifting rooftop antenna mounts and equipment containers. Assumes free access. In other than the 5 major centers. (up to 120 ton),each,5750.43
"Hollow block in cement mortar  -  non load bearing, 250 mm",sq. m.,50.24
"Cement and sand paving, finished, 3cm. thick",sq. m.,17.39
Tyrolean plaster as specified to external walls,sq. m.,7.73
"Gate, 1meter",each,985.51
"PVC or other plastic pipes with fittings. Supply and install plastic pipework, including all necessary fittings, 1"" diameter pipe",lin.m.,17.39
"PVC or other plastic pipes with fittings. Supply and install plastic pipework, including all necessary fittings, 1½"" diameter pipe",lin.m.,19.32
"PVC or other plastic pipes with fittings. Supply and install plastic pipework, including all necessary fittings, 2"" diameter pipe",lin.m.,21.26
"PVC or other plastic pipes with fittings. Supply and install plastic pipework, including all necessary fittings, 2½"" diameter pipe",lin.m.,23.19
"PVC or other plastic pipes with fittings. Supply and install plastic pipework, including all necessary fittings, 3"" diameter pipe",lin.m.,28.99
"PVC or other plastic pipes with fittings. Supply and install plastic pipework, including all necessary fittings, 4"" diameter pipe",lin.m.,57.97
"PVC or other plastic pipes with fittings. Supply and install plastic pipework, including all necessary fittings, 6"" diameter pipe",lin.m.,57.97
"PVC or other plastic pipes with fittings. Supply and install plastic pipework, including all necessary fittings, 4"" dia (100 mm) - perforated pipe",lin.m.,57.97
Grounding conductor 70 mm,lin.m.,12.13
S&I BATB to collect the site External alarms.,unit ,579.71
"S&I of 6KGM Fire Extinguisher ""CO2"" ",each,96.62
S&I Alarm cables from equipments to BATB.,Meter ,2.9
"Additional / Extra Price for working inside of Saudi Aramco, Royal Commission and other governmental related Boundaries which needs special preparations at Rural area (minor requirements)",Each,7125
"Additional / Extra Price for working inside of Saudi Aramco, Royal Commission and other governmental related Boundaries which needs special preparations. ",,29268.29
"S&I Concrete counter weight block 50 KG for RT sites , including supply, transportation and labor charge ( Minimum 12 Pcs per site)",PCS,68.74
19 inch Open Rack,Each,637.68
Dismantling and transportation of rectifier module,Each,811.59
Installation and transportation of rectifier module,Each,1159.42
Installation and transportation of third party rectifier modules,Each,1159.42
Relocation existing module from one site to another site (Per Site),Each,579.71
Mini-shelter Air Conditioner Installation,Each,1545.89
Dismantling of Mini-shelter  Air Conditioner and transport to warehouse,Each,1159.42
Submit detailed civil design drawings for additional shelter for Rooftop,Each,2956.52
"Site Preparation (Existing space clearance, AC units relocation etc.)",Each,1043.48
Supply & installation of Cable tray(400mm) &  gantry posts and all accessories between Shelter & Tower. As per Zain Specs,Mt ,425.12
"Supply and installation of 6m pole tower, antenna mounts, accessories  conceret blocks.as per Zain spec.",Each,9661.84
Supply and installation of Islamic Decorative fence for the ODU.,M,463.77
"Dismantle, Relocation & installation of ODU include earthing.",Each,4830.92
Make site Survey for LOS and prepare LOS report.,Each,1236.71
Validation RF requirement and complete the technical RF data.,Each,1236.71
Supply and installation Services  KWH Power Meter 100 Amp.,M2,1294.69
"Supply of 8mm galvanized steel guy wire 6x37 with IWRC, as per DIN3066 Standards",m,7.62
"Supply of 10mm galvanized steel guy wire 6x37 with IWRC, as per DIN3066 Standards",m,9.52
"Supply of 12mm galvanized steel guy wire 6x37 with IWRC, as per DIN3066 Standards",m,13.33
"Supply of 14mm galvanized steel guy wire 6x37 with IWRC, as per DIN3066 Standards",m,20.95
"Supply of 16mm galvanized steel guy wire 6x37 with IWRC, as per DIN3066 Standards",m,26.67
Supply of 25~50A third party Rectifier modules Per sites,Each,671.82
"Supply of Indoor type 16 KW, -48V DC Complete Power system as per Zain Specs & SOW including Battery and Rectifier modules ",Each,9112.99
Supply of 4 Block (12 V 170 AH) High Temperature batteries (35 degree Nominal operation) as per Zain Approved Specs.,Each,1709.42
Supply of 4 Block (12 V 210 AH) High Temperature batteries (35 degree Nominal operation) as per Zain Approved Specs.,Each,1982.66
Supply of Power solution for Pylon and wall mount Sites (TDD & 5G) (FPRB with 2 Modules 3KW),Each,976.66
"Dismantling of rooftop site, include all of the pole, antenna mounts, cables, foundations, reinforcement bars, accessories , I beams, Telecom room etc. and crane service, transportation all of the materials to WH.",Each,8729.47
Performing survey and providing SAR/ISR report for 4  valid candidates,Each,1574.3
"Lease Agreement: Negotiate with landlords  to submit the signed lease Agreement according to Zain rules and standards. Rental prices shall be within the target price in each Negotiate with landlords by Zain team     area. Submit Site Hand over and follow up the rooftop Keys, in addition of cheques delivery as part of SA task.",Each,1259.44
"Prepare Building permit package to Amana /Municipality including the required building structural documentation & authorized certification, chase Final Building Permit Approval Baladiyah Fees will be paid separately.  And provide all additional approvals need  Like MOT , GACA …etc. ",Each,1352.66
Apply for SCECO power connection and follow up until site is energized. SCECO fee will be paid separately.,Each,1259.44
"Make site Survey and collect the data and photos and submit the date to planning team, include initial drawing and finial TSSR folder",Each,1352.66
Additional fee for new sites establishment for Ranked Amana  # 5.,Each,345.1
Additional fee for new sites establishment for Ranked Amana  # 4.,Each,690.2
Additional fee for new sites establishment for Ranked Amana  # 3.,Each,1035.29
Additional fee for new sites establishment for Ranked Amana  # 2.,Each,1380.39
Additional fee for new sites establishment for Ranked Amana  # 1.,Each,1725.49
Supply of Battery Anti-Theft Box for each battery string ,Each,347.82
Prepare other operators sharing package as per Zain requirements,Each,1666.67
Power system replacement including dismantling the old unit,Each,2859.85
Power system Installation in existing sites,Each,2148.5
Tower analysis for existing site through Zain Approved consultant,Each,2666.67
Rectifier Modules expansion for existing sites (2KW),Each,671.82
"Supply of Outdoor type 16 KW, -48V DC Complete Power system as per Zain Specs & SOW including Battery and Rectifier modules ",Each,10693.7
Supply of FPRB Flexi Power Rectifier ,Each,976.66
Supply of Rectifier AA27530L 48/3000 for the FPRB module ,Each,519.59
Supply of ODU (Minishelter) with  24 KW Rectifier Capacity and 3000W AC with 2 strings High Temperature batteries (210 AH each string ) + 5 Rectifier Modules 3KW each and including Battery Box,Each,14386.79
Supply of ODU (Minishelter) with  24 KW Rectifier Capacity and 3000W AC with 2 strings High Temperature batteries (170 AH each string ) + 5 Rectifier Modules 3KW each  and including Battery Box,Each,13840.31
"Supply of Outdoor type  24 KW, -48V DC Power system as per Zain Specs & SOW without batteries  and without Rectifier modules ",Each,6864.92
"Supply of Indoor type  24 KW, -48V DC Power system as per Zain Specs & SOW without batteries ",Each,4791.81
New Rectifier Module (Flat pack) 3KW HE,Each,711.31
Supply of IDU Power System with 24 KW Rectifier Capacity and with 2 strings High Temperature batteries (210 AH each string ) + 5 Rectifier Modules 3KW each and including Battery Box,Each,11767.2
Supply of IDU Power system with  24 KW Rectifier Capacity and with 2 strings High Temperature batteries (170 AH each string ) + 5 Rectifier Modules 3KW each  and including Battery Box,Each,12313.68
Supply & Installation FCOB FLEXI CABINET OUTDOOR for Airscale,Each,1145.55
Supply & Installation Slotpack power solution 5.4KW,Each,957.45
Supply of NOLB Flexi Power Battery 50Ah ,Each,1391.56
Instalation Service for Outdoor Power System in existing site,Each,3098.5
Flatpack PRSB 16kW/48V OD ACU 2m including 6 Rectifier modules 2 KW (Without Batteries) ,Each,7274.86
Supply of super silent  23-25 KVA Genset 127/220V-60Hz- 0.8 PF - 1800RPM @50C˚& 700M ASL as per Zain Specs with noise level of 60 dBA @ 1m and built in fuel tank with 1000 L capacity.,Each,19801.81
Supply of 33-35 KVA Genset 127/220V-60Hz- 0.8 PF - 1800RPM @50C˚& 700M ASL as per Zain Specs with built in fuel tank of 1000 L capacity.,Each,22927.56
"Single Genset Installation(Genset, Fuel pipes, AC Power & Alarms cables, required Accessories) As per Zain KSA Standard  ",Each,3108.54
Supply of Normal Temporary Generator for 1 months,Month,3162.3
Supply of super silent  Temporary Generator for 1 months,Month,4829.29
Delta between normal foundation & Pils foundation (piles including Piles cap & piles) for piles length upto 15m,M3,2163.7
Additional payment Amana Jeddah requirements  ( laboratory fees /consultant fees/ permit print fees/ Damarat fees),Site,2610.72
Additional Ring for Monopole as per Zain Specs with one Pole only,Each,2797.2
protection post for LP above 16 Post,Each,261.07
Antenna stekar for non-camouflage tower,Site,1081.59
Dismantling CW Material for cancelled sites due to Zain related issue for RT sites,Site,7086.25
Dismantling CW Material for cancelled sites due to Zain related issue for GF sites,Site,18648.02
Dismantling TI Material for cancelled sites due to Zain related issue for GF sites,Site,3170.16
Additional Telcom / TX Imp TSSR ,Site,335.66
Non Completed installation RT Site because of Zain Related issues,Site,16783.22
Sharing package For rejected candidate,Site,1666.67
"Gypsum Board Works, Change Ceiling, Make opening. ",L.S,1864.8
"Decoration Wall or Ceiling works Change Ceiling, Make opening.",L.S,1864.8
"Survey, Measurement & installation for AC power Load Balance ""Cable arrangement for load distribution""",Site,1230.77
"Survey, Measurement & installation for AC power Load Balance ""Rectifier re -distribution""",Site,1230.77
Rejected  Application for SCECO meter connection or rejected to high price or justified reason ,Site,1259.44
Rejected Application for Baladya permits due Zain related issues ,Site,932.4
"Performed Survey with SCECO, Engineering Office or Municipality representative ",Site,932.4
Single Generator dismantling and tarnsportation to WH or the taregt Site,Site,1864.8
Dual Generator dismantling and tarnsportation to WH or the taregt Site,Site,2554.78
Excavation permit Rank 1,site,2666.67
Excavation permit Rank 2,site,3466.67
Excavation permit Rank 3,site,4266.67
Excavation permit Rank 4,site,5066.67
Excavation permit Rank 5,site,5866.67
2 ports HG Antennas 2L,Each,752
4 Ports Antennas 4L,Each,1652.5
8 Ports Antenns 4L4H,Each,2846.23
10 Ports Antennas 2L8H,Each,1711
12 ports Antennas 4L8H,Each,3362.82
16 Ports Antennas 4L12H,Each,3714.29
Diplxers 800/900,Each,516.93
Implementation services - New Site,Each,9537.45
Implementation services - LTE Introduction,Each,3593
Implementation services - Introduction 5G,Each,8536
Implementation services – Dismantling & Introduction AAHF sites 4G/5G,Each,7890.27
Implementation services - New Link EB/CA,Each,3425
Implementation services - New Link 8+0,Each,4973.79
Implementation services - New Link 8+8,Each,7186.03
Implementation services - Dismantling MW Link,Each,1240.15
Implementation services - Traffic shifting ,Each,1253
Planning  services - New Site,Each,8418
Planning  services - LTE Introduction,Each,2515
Planning  services - Introduction 5G,Each,7752.49
Planning services - Introduction for Dismantled AAHF sites 4G/5G,Each,3772.5
Planning Services - New Link FoC,Each,2368
Implementation services - Dismantling Telecom Site,Each,2875
